"COMID","ID","CAT_CNPY11_BUFF100","TOT_CNPY11_BUFF100","CAT_urban04","CAT_forest04","CAT_wetland04","CAT_agrc04","CAT_shrub04","CAT_urban01","CAT_forest01","CAT_wetland01","CAT_agrc01","CAT_shrub01","CAT_urban06","CAT_forest06","CAT_wetland06","CAT_agrc06","CAT_shrub06","CAT_urban08","CAT_forest08","CAT_wetland08","CAT_agrc08","CAT_shrub08","CAT_urban11","CAT_forest11","CAT_wetland11","CAT_agrc11","CAT_shrub11","CAT_urban13","CAT_forest13","CAT_wetland13","CAT_agrc13","CAT_shrub13","CAT_urban16","CAT_forest16","CAT_wetland16","CAT_agrc16","CAT_shrub16","TOT_urban01","TOT_forest01","TOT_wetland01","TOT_agrc01","TOT_shrub01","TOT_urban04","TOT_forest04","TOT_wetland04","TOT_agrc04","TOT_shrub04","TOT_urban06","TOT_forest06","TOT_wetland06","TOT_agrc06","TOT_shrub06","TOT_urban08","TOT_forest08","TOT_wetland08","TOT_agrc08","TOT_shrub08","TOT_urban11","TOT_forest11","TOT_wetland11","TOT_agrc11","TOT_shrub11","TOT_urban13","TOT_forest13","TOT_wetland13","TOT_agrc13","TOT_shrub13","TOT_urban16","TOT_forest16","TOT_wetland16","TOT_agrc16","TOT_shrub16","site_ID"
24422913,9,57.48,62.83,3.01,87.24,0.05,0,9.11,3.01,87.38,0.05,0,9.36,3.01,85.87,0.05,0,10.88,3.01,87.3,0.05,0,9.44,3.01,87.47,0.05,0,9.28,3.01,88.06,0.05,0,8.19,3.01,88.95,0.05,0,7.56,0.81,82.6,1.36,0.21,10.84,0.81,82.53,1.36,0.21,10.86,0.81,81.58,1.36,0.21,11.87,0.81,82.12,1.36,0.21,11.01,0.81,82.14,1.36,0.21,11.31,0.81,82.18,1.36,0.21,11.11,0.81,82.49,1.36,0.21,10.81,"S01"
24422975,9,61.09,58.7,4.55,81.19,5.75,0,7.8,4.55,80.99,5.8,0,7.4,4.55,80.94,5.8,0,7.55,4.55,80.89,5.8,0,7.95,4.55,80.64,5.8,0,7.95,4.55,82.14,5.8,0,6.45,4.55,82.14,5.8,0,6.6,1,87.63,1.29,0.01,4.99,1,87.61,1.31,0.01,5,1,87.37,1.31,0.01,5.23,1,87.56,1.27,0.01,5.05,1,87.54,1.24,0.01,5.06,1,87.53,1.28,0.01,5.07,1,87.62,1.31,0.01,4.99,"S02"
24423897,9,63.27,63.31,0.17,87.77,6.37,0,5.7,0.17,87.77,6.37,0,5.7,0.17,87.77,6.37,0,5.7,0.17,87.77,6.37,0,5.7,0.17,87.77,6.37,0,5.7,0.17,87.77,6.37,0,5.7,0.17,87.77,6.37,0,5.7,1.82,83.92,0.32,0,12.25,1.82,83.97,0.32,0,12.71,1.82,83.91,0.32,0,13.19,1.82,84.12,0.32,0,13.17,1.82,84.09,0.32,0,12.99,1.82,83.97,0.32,0,13.22,1.82,84.22,0.32,0,12.72,"S03"
24423139,9,38.11,48.83,0,57.58,0,0,42.42,0,57.58,0,0,42.42,0,57.58,0,0,42.42,0,57.58,0,0,42.42,0,57.58,0,0,42.42,0,57.58,0,0,42.42,0,54.55,0,0,42.42,0.49,76.66,0.11,0,13.27,0.49,76.28,0.11,0,13.26,0.49,75.47,0.11,0,13.49,0.49,74.82,0.11,0,14.44,0.49,75.04,0.11,0,14.89,0.49,75.08,0.11,0,14.84,0.49,75.14,0.11,0,13.67,"S04"
24422835,9,47.07,64.29,10.01,76.71,0.86,0,11.34,10.01,76.71,0.86,0,11.34,10.01,76.91,0.91,0,11.49,10.01,77.47,0.91,0,10.68,10.01,76.91,0.96,0,11.34,10.01,78.08,0.86,0,10.32,10.01,78.03,0.86,0,10.17,2.49,81.64,0.83,0,10.84,2.49,81.39,0.82,0,12.4,2.49,81.11,0.82,0,13.66,2.49,81.39,0.83,0,13.64,2.49,81.66,0.83,0,13.37,2.49,84.64,0.83,0,10.88,2.49,87.66,0.83,0,7.88,"S08"
24423157,9,47.71,53.18,7.08,67.51,0.63,0,24.32,7.08,67.45,0.61,0,24.37,7.08,57.58,0.63,0,32.93,7.08,57.23,0.62,0,34.56,7.08,57.19,0.63,0,34.08,7.08,56.69,0.63,0,34.72,7.08,58.66,0.63,0,32.94,0.92,80.36,0.25,0,11.58,0.92,80.03,0.25,0,11.6,0.92,78.56,0.25,0,12.39,0.92,77.23,0.25,0,12.44,0.92,76.92,0.25,0,13.2,0.92,76.96,0.25,0,13.95,0.92,78.08,0.25,0,13.02,"S10"
24423001,9,58.27,58,0.93,93.32,1.08,0,1.55,0.93,93.32,1.08,0,1.55,0.93,93,1.08,0,1.9,0.93,93.38,1.08,0,1.55,0.93,93.38,1.08,0,1.55,0.93,93.38,1.08,0,1.55,0.93,93.38,1.08,0,1.55,0.85,86.8,1.47,0,5,0.85,86.77,1.5,0,5.01,0.85,86.62,1.5,0,5.16,0.85,86.73,1.44,0,5.04,0.85,86.72,1.41,0,5.06,0.85,86.7,1.46,0,5.08,0.85,86.77,1.5,0,5.03,"S11"
24422871,9,69.61,68.32,5.58,91.65,0.04,0,2.74,5.58,91.65,0.04,0,2.74,5.58,91.29,0.04,0,3.1,5.58,91.29,0.04,0,3.1,5.58,91.29,0.04,0,3.1,5.58,91.9,0.04,0,2.48,5.58,93.95,0.04,0,0.43,2.27,91.81,0.62,0,4.57,2.27,92.04,0.62,0,4.26,2.27,91.97,0.62,0,4.63,2.27,92.01,0.62,0,4.59,2.27,92.22,0.62,0,4.1,2.27,92.51,0.62,0,4.01,2.27,93.15,0.62,0,3.51,"S12"
24125883,9,61.09,47.59,4.04,89.09,0,0,5.71,4.04,88.98,0,0,5.87,4.04,88.5,0,0,5.67,4.04,84.74,0,0,6.42,4.04,85.63,0,0,7.99,4.04,87.67,0,0,7.05,4.04,90.36,0,0,4.55,1.47,69.07,1.02,0,11.85,1.47,69.11,1.02,0,11.85,1.47,68.94,1.02,0,11.95,1.47,67.93,1.02,0,12,1.47,67.96,1.02,0,12.82,1.47,68.85,1.02,0,11.95,1.47,69.18,1.02,0,11.74,"S13"
24125945,9,55.01,49.09,0,87.03,0.5,0,5.82,0,87.22,0.5,0,5.61,0,67.02,0.5,0,4.68,0,61.58,0.5,0,4.73,0,61.42,0.5,0,6.06,0,62.41,0.5,0,8.78,0,64.89,0.5,0,27.97,0,70.38,1.01,0,8.64,0,70.38,1.01,0,8.66,0,69,1.01,0,8.63,0,68.2,1.01,0,8.64,0,68.1,1.01,0,9.04,0,68.51,1.01,0,9.04,0,68.82,1.01,0,10.21,"S14"
24126041,9,49.36,50.93,2.94,63.68,0.15,0,22.16,2.94,63.71,0.15,0,20.55,2.94,63.6,0.15,0,22.24,2.94,62.6,0.15,0,22.26,2.94,63.27,0.15,0,22.22,2.94,64.62,0.15,0,21.22,2.94,68.14,0.15,0,17.7,3.23,73.55,0.13,0,15.54,3.23,73.84,0.13,0,16.71,3.23,74.04,0.14,0,16.35,3.23,73.59,0.13,0,15.69,3.23,74.37,0.13,0,15.28,3.23,77.33,0.13,0,12.77,3.23,79.35,0.13,0,10.54,"S15"
24126011,9,66.12,50.99,3.62,67.36,1.18,0,22.79,3.62,69.32,1.18,0,20.67,3.62,67.47,1.18,0,22.67,3.62,66.77,1.18,0,22.51,3.62,67.47,1.18,0,22.67,3.62,68.69,1.18,0,21.45,3.62,71.76,1.18,0,18.39,2.21,66.78,2.75,0,13.02,2.21,66.74,2.75,0,13.41,2.21,66.7,2.76,0,13.33,2.21,66.74,2.75,0,13.09,2.21,65.94,2.75,0,12.9,2.21,66.68,2.75,0,13.41,2.21,67.16,2.76,0,12.68,"S16"
24125999,9,56.97,51.35,4.61,60,32.31,0,1.92,4.61,60.38,32.3,0,1.92,4.61,60.38,31.92,0,1.92,4.61,59.62,32.3,0,1.92,4.61,60,32.31,0,1.92,4.61,60.38,32.31,0,1.92,4.61,60.38,32.31,0,1.92,2.88,68.55,2.51,0,12.33,2.88,68.56,2.52,0,12.76,2.88,68.54,2.52,0,12.77,2.88,68.46,2.5,0,12.57,2.88,67.84,2.51,0,12.38,2.88,68.87,2.52,0,12.44,2.88,69.54,2.51,0,11.52,"S17"
24125873,9,31.58,49.17,15.4,65.19,7.38,0,1.69,15.4,65.82,7.6,0,1.69,15.4,66.67,7.17,0,1.69,15.4,66.24,7.17,0,1.69,15.4,66.24,7.8,0,1.69,15.4,66.24,8.01,0,1.69,15.4,66.46,7.59,0,1.69,1.04,70.28,0.97,0,10.46,1.04,70.3,0.97,0,10.53,1.04,69.57,0.97,0,10.57,1.04,68.56,0.97,0,10.57,1.04,68.59,0.97,0,11.25,1.04,69.38,0.97,0,10.68,1.04,69.95,0.97,0,10.86,"S18"
24126059,9,53.02,55.12,13.21,45.06,11.1,0.35,28.29,13.21,45.02,11.2,0.43,26.98,13.21,43.73,11.18,0.41,28.9,13.21,43.5,11.2,0.41,29.41,13.21,42.79,11.14,0.41,29.6,13.21,44.12,11.16,0.41,29.09,13.25,45.33,11.18,0.41,28.12,6.01,67.42,2.15,0.99,16.16,6.01,67.44,2.15,0.98,16.78,6.01,67.11,2.14,0.97,17.14,6.01,67.29,2.13,0.97,16.77,6.01,68.22,2.1,0.97,15.67,6.01,69.42,2.07,0.97,14.61,6.02,70.77,2.11,0.97,13.4,"S21"
24125769,9,51.3,50.82,2.66,34.05,5.19,11.14,31.52,2.66,33.04,5.19,11.65,32.15,2.66,32.91,5.19,11.65,30.13,2.66,32.91,5.57,11.65,31.9,2.66,33.04,5.19,11.65,32.15,2.66,33.04,5.19,11.65,32.15,4.31,33.93,5.19,11.14,30.13,5.58,64.79,1.93,1.51,15.65,5.58,64.59,1.92,1.5,16.53,5.99,63.95,1.92,1.5,16.75,5.99,63.75,1.91,1.49,16.7,6,64.25,1.89,1.49,16.13,6,65.33,1.88,1.49,15.34,6.05,66.57,1.9,1.47,14.35,"S22"
24125789,9,34.29,51.03,11.79,40.99,0.63,27.12,17.48,11.79,40.79,0.62,27.11,17.4,11.79,40.65,0.58,27.1,17.67,11.79,40.87,0.63,27.09,17.72,11.79,41.03,0.62,27.09,17.56,11.79,40.93,0.64,27.11,17.39,11.79,40.49,0.64,27.09,18.09,5.4,65.4,1.91,1.06,15.54,5.4,65.2,1.92,1.04,16.43,5.83,64.56,1.9,1.04,16.64,5.83,64.36,1.9,1.03,16.58,5.84,64.88,1.89,1.04,15.99,5.84,65.96,1.88,1.04,15.19,5.87,67.22,1.89,1.03,14.2,"S23"
24125857,9,12.48,49.77,1.2,82.1,8.85,0,5,1.2,82.1,8.95,0,5.1,1.2,83.16,8.95,0,4.23,1.2,82.15,8.95,0,5.05,1.2,84.07,8.95,0,3.27,1.2,84.99,9,0,2.31,1.2,85.27,9.14,0,2.31,1.8,70.5,1.29,0,11.01,1.8,70.52,1.29,0,11.26,1.8,70.04,1.3,0,11.26,1.8,69.26,1.29,0,11.22,1.8,69.21,1.29,0,11.62,1.8,70.16,1.3,0,11.08,1.8,70.85,1.3,0,10.83,"S24"
24126251,9,6.87,54.78,6.81,23.01,0.15,8.72,22.46,6.81,23.01,0.15,8.72,22.61,6.83,21.4,0.15,8.67,24.24,6.83,20.25,0.15,8.72,24.53,6.83,19.56,0.15,8.72,26.04,6.83,19.71,0.15,8.72,25.9,6.83,20.75,0.15,8.71,24.85,5.48,65.54,0.43,1.23,19.08,5.48,65.01,0.43,1.23,19.51,5.48,63.96,0.43,1.23,20.44,5.48,63.29,0.43,1.23,21.7,5.48,63.07,0.43,1.23,22.12,5.48,63.25,0.43,1.23,22.69,5.48,63.64,0.43,1.24,22.09,"S29"
23100392,9,24.8,30.98,2.33,2.57,3.61,0.02,11.49,2.33,2.57,3.62,0.02,11.48,2.33,2.57,3.62,0.02,11.49,2.33,2.57,3.62,0.02,11.49,2.33,0.55,3.62,0.02,11.48,2.33,2.57,3.62,0.02,11.49,2.33,2.57,3.62,0.02,11.49,3.38,36.93,0.32,0,13.2,3.38,36.22,0.33,0,13.21,3.38,36.36,0.32,0,13.77,3.38,36.31,0.32,0,13.84,3.38,35.5,0.32,0,14.58,3.38,26.13,0.32,0,12.84,3.38,26.06,0.33,0,12.87,"S30"
23100338,9,21.89,24.97,5.23,1.19,6.49,0.3,10.84,5.23,1.19,6.49,0.3,10.84,5.23,1.19,6.49,0.38,10.76,5.23,1.19,6.49,0.98,10.44,5.23,0.18,6.49,0.98,10.44,5.23,1.19,6.49,0.98,10.44,5.23,1.19,6.49,1.89,10.24,2.82,27.84,0.72,0,18.09,2.82,28.66,0.72,0,17.2,2.82,28.91,0.71,0.01,22.68,2.82,28.29,0.71,0.01,22.63,2.82,25.55,0.71,0.01,25.73,2.82,25.75,0.72,0.01,25.72,2.82,27.03,0.72,0.03,24.62,"S31"
23100328,9,10.1,22.41,1.38,3.01,7.46,0,39.79,1.38,2.95,7.46,0,39.79,1.38,3.01,7.46,0,39.79,1.38,3.01,7.46,0,39.79,1.38,0,7.46,0,39.79,1.38,3.01,7.46,0,39.79,1.38,3.01,7.46,0,39.79,2.85,26.71,0.67,0.08,17.66,2.85,26.71,0.67,0.08,17.33,2.85,26.86,0.68,0.08,19.63,2.85,26.59,0.68,0.08,19.22,2.85,25.17,0.68,0.08,20.71,2.85,21.17,0.68,0.08,19.95,2.85,21.62,0.67,0.09,19.55,"S32"
23099694,9,15.27,31.65,0.96,0,34.92,54.12,4.95,0.96,0,35.61,54.32,3.66,0.96,0,35.2,53.9,4.89,0.96,0,35.77,53.76,4.67,0.96,0,35.78,53.77,4.67,0.96,0,35.62,53.93,4.67,0.96,0,35.26,54.03,4.67,5.01,38.14,1.47,13.24,24.84,5.01,37.78,1.48,13.24,24.86,5.1,37.33,1.47,13.26,25.55,5.1,37.08,1.47,13.27,25.68,5.13,36.94,1.47,13.27,25.76,5.13,36.3,1.47,13.27,25.44,5.16,36.85,1.48,13.32,24.39,"S33"
23100242,9,9.7,15.67,4.43,0,39.44,35.54,20.58,4.43,0,39.44,35.54,20.58,4.43,0,39.44,35.54,20.58,4.43,0,39.44,35.54,20.58,4.46,0,39.44,35.54,20.54,4.46,0,39.44,35.54,20.54,4.46,0,39.44,35.54,20.54,2.21,19.74,1,0.68,19.27,2.21,19.71,1,0.68,18.17,2.21,19.64,1,0.68,19.57,2.21,18.84,1,0.69,19.72,2.21,17.88,1,0.69,20.93,2.21,15.86,1,0.7,20.6,2.21,16.55,1.01,0.71,20.09,"S34"
23099678,9,6.19,28.24,9.85,0,2.74,67.4,8.23,9.85,0,2.65,67.21,8.44,9.92,0,2.74,67.32,8.23,9.92,0,2.71,67.37,8.27,10.03,0,2.78,67.16,8.27,10.03,0,2.86,67.08,8.26,10.15,0,2.85,67.21,8.23,4.76,34.19,1.47,13.55,23.49,4.76,33.88,1.45,13.56,23.39,4.85,33.49,1.45,13.56,24.2,4.85,33.2,1.45,13.57,24.33,4.87,32.97,1.45,13.58,24.37,4.87,32.22,1.45,13.59,24.09,4.91,32.75,1.46,13.63,23.1,"S35"
23100020,9,13.48,22.68,6.77,0,17.71,67.76,4.84,6.77,0,17.57,67.53,5.08,6.77,0,17.65,67.76,4.84,6.77,0,17.69,67.76,4.84,6.77,0,17.89,67.76,4.84,6.77,0,17.57,67.76,4.84,6.77,0,17.81,67.76,4.84,3.7,22.14,3.25,18.77,21.05,3.7,21.25,3.24,18.82,19.45,3.72,21.08,3.24,18.77,20.13,3.72,20.98,3.25,18.74,20.54,3.72,20.91,3.25,18.82,20.75,3.72,20.91,3.25,18.78,20.85,3.72,21.71,3.26,18.97,20.05,"S36"
23100428,9,58.9,55.05,5.85,48.24,0.2,0,15.68,5.85,48.24,0.21,0,15.68,5.85,48.24,0.2,0,15.68,5.85,48.24,0.21,0,15.68,5.85,48.24,0.21,0,15.68,5.85,27.71,0.2,0,3.39,5.85,25.05,0.21,0,6.02,5.34,61.46,0.06,0,12.7,5.34,61.27,0.05,0,12.82,5.34,61.53,0.06,0,12.69,5.34,61.57,0.05,0,12.63,5.34,61.2,0.05,0,12.99,5.34,42.36,0.05,0,7.73,5.34,41.45,0.05,0,8.55,"S37"
23105314,9,42.09,45.1,6.18,26.48,0.74,0,27.36,6.18,26.48,0.75,0,27.36,6.18,26.48,0.74,0,27.36,6.18,26.48,0.74,0,27.36,6.18,26.48,0.75,0,27.36,6.18,22.61,0.75,0,1.09,6.18,22.61,0.75,0,1.09,3.52,37.97,0.06,0,19.03,3.52,38.02,0.05,0,18.98,3.52,38.24,0.06,0,18.76,3.52,38.13,0.05,0,18.87,3.52,37.35,0.06,0,19.65,3.52,29.65,0.05,0,8.08,3.52,29.66,0.05,0,8.12,"S38"
23100434,9,54.54,61.01,7.57,52.17,0.23,0,8.21,7.57,52.17,0.23,0,8.21,7.57,52.17,0.23,0,8.21,7.57,52.17,0.23,0,8.21,7.57,52.17,0.23,0,8.21,7.57,21.97,0.23,0,0.63,7.57,17.99,0.23,0,3.5,6.87,70.51,0.05,0,13.67,6.87,70.08,0.05,0,13.96,6.87,70.52,0.05,0,13.78,6.87,70.63,0.05,0,13.64,6.87,70.29,0.05,0,13.97,6.87,63.04,0.05,0,11.65,6.87,62,0.05,0,12.55,"S39"
23100408,9,34.33,23.22,5.88,29.71,0,0,40.67,5.88,29.71,0,0,40.67,5.88,29.71,0,0,40.67,5.88,29.71,0,0,40.67,5.88,29.71,0,0,40.67,5.88,29.71,0,0,40.52,5.88,29.71,0,0,40.52,3.28,27.17,0.06,0,19.78,3.28,23.82,0.06,0,19.76,3.28,23.98,0.06,0,22.8,3.28,23.88,0.06,0,23.05,3.28,22.32,0.06,0,24.61,3.28,22.5,0.06,0,24.38,3.28,25.45,0.06,0,21.47,"S40"
23100176,9,21.22,43.32,0.76,2.28,8.99,1.14,28.94,0.76,2.28,8.99,1.14,28.94,0.76,2.28,8.99,1.14,28.94,0.76,2.28,8.99,1.14,28.94,0.76,0.51,8.99,1.14,28.94,0.76,2.28,8.99,1.14,28.94,0.76,2.28,8.99,1.14,28.94,3.71,51.99,1.06,0.02,28.78,3.71,50.09,1.07,0.02,28.5,3.71,49.95,1.06,0.02,29.5,3.71,50,1.06,0.02,30.3,3.71,50.02,1.07,0.02,30.69,3.71,50.28,1.06,0.02,30.45,3.71,52.09,1.06,0.01,28.66,"S41"
23103496,9,43.55,39.14,4.1,20.36,0.16,0,33.74,4.1,20.36,0.16,0,33.74,4.1,20.36,0.16,0,33.74,4.1,20.36,0.16,0,33.74,4.1,20.36,0.16,0,33.74,4.1,20.36,0.16,0,33.74,4.1,20.36,0.16,0,33.74,4.91,39.18,0.02,0,25.16,4.91,39.32,0.02,0,24.98,4.91,39.65,0.02,0,24.69,4.91,39.56,0.02,0,24.56,4.91,39.68,0.02,0,24.66,4.91,39.69,0.02,0,24.65,4.91,41.08,0.02,0,23.26,"S42"
23100162,9,4.74,39.35,3.22,0,11.96,32.73,27.97,3.22,0,11.95,32.85,26.75,3.22,0,11.95,32.03,29.23,3.22,0,11.95,31.86,29.09,3.22,0,11.95,32.77,28.66,3.22,0,11.95,32.6,34.95,3.22,0,11.92,33.09,34.48,3.7,45.45,2.13,2.48,27.97,3.7,43.79,2.13,2.5,27.77,3.7,43.66,2.13,2.45,28.74,3.7,43.7,2.13,2.45,29.43,3.7,43.72,2.13,2.5,29.74,3.7,43.96,2.13,2.49,29.89,3.7,45.54,2.13,2.58,28.28,"S43"
23100192,9,57.85,45.53,1.97,63.29,4.73,0,18.5,1.97,63.22,4.73,0,18.57,1.97,63.44,4.73,0,18.35,1.97,63.44,4.73,0,18.35,1.97,63.44,4.73,0,18.35,1.97,63.55,4.73,0,18.24,1.97,63.61,4.73,0,18.18,3.73,59.12,0.5,0,29.01,3.73,56.54,0.5,0,28.66,3.73,56.29,0.5,0,30.05,3.73,56.38,0.5,0,31.15,3.73,56.44,0.5,0,31.67,3.73,56.74,0.5,0,31.35,3.73,58.97,0.5,0,29.14,"S44"
24423421,9,59.45,52.24,3.79,80.93,0.2,0,14.86,3.79,80.83,0.2,0,14.97,3.79,80.99,0.2,0,14.81,3.79,80.94,0.2,0,14.86,3.79,81.06,0.2,0,14.7,3.79,81.03,0.2,0,14.77,3.79,81.12,0.2,0,14.66,1.98,76.71,1.19,0,13.6,1.98,76.74,1.19,0,13.77,1.98,76.61,1.19,0,13.82,1.98,76.58,1.19,0,13.7,1.98,75.39,1.18,0,13.83,1.98,74.06,1.19,0,13.71,1.98,74.03,1.19,0,13.87,"S45"
24423347,9,66.77,63.06,2.18,85.65,2.48,0,7.48,2.18,85.65,2.47,0,7.41,2.18,85.65,2.48,0,7.42,2.18,85.65,2.47,0,7.41,2.18,85.65,2.48,0,7.4,2.18,85.65,2.47,0,7.41,2.18,85.65,2.47,0,7.41,1.59,88.26,1.92,0,5.35,1.59,88.27,1.92,0,5.36,1.59,88.27,1.92,0,5.34,1.59,88.21,1.92,0,5.34,1.59,88.21,1.92,0,5.35,1.59,88.22,1.92,0,5.38,1.59,88.23,1.92,0,5.38,"S46"
24423359,9,65.77,64.2,5.53,76.58,0.83,0,15.01,5.53,76.52,0.83,0,15.18,5.53,76.49,0.83,0,15.09,5.53,76.58,0.83,0,15.12,5.53,68.42,0.83,0,19.01,5.53,67.41,0.83,0,18.87,5.53,67.64,0.83,0,24.05,0.49,75.55,2.25,0,7.97,0.49,75.5,2.25,0,7.95,0.49,75.56,2.25,0,7.95,0.49,75.56,2.25,0,7.96,0.49,74.65,2.25,0,8.12,0.49,74.61,2.25,0,8.23,0.49,74.57,2.25,0,8.94,"S47"
24423325,9,54.6,54.56,4.3,87.94,0.72,0,6.84,4.3,87.98,0.72,0,6.89,4.3,86.53,0.72,0,8.34,4.3,88.02,0.72,0,6.85,4.3,88.02,0.72,0,6.85,4.3,88.02,0.72,0,6.85,4.3,88.04,0.72,0,6.84,0.83,89.4,1.72,0,6.36,0.83,89.42,1.76,0,6.32,0.83,89.19,1.76,0,6.55,0.83,89.41,1.76,0,6.32,0.83,89.43,1.75,0,6.32,0.83,89.41,1.73,0,6.32,0.83,89.4,1.77,0,6.33,"S48"
24423655,9,5.05,37.94,7.59,7.73,0.45,0,2.08,7.59,10.19,0.38,0,77.73,7.59,7.73,0.38,0,2.08,7.59,7.73,0.38,0,2.08,7.59,7.73,0.45,0,2.27,7.59,7.73,0.38,0,2.08,7.59,7.73,0.45,0,2.01,4.34,51.1,0.12,0,30.55,4.34,50.69,0.12,0,29.26,4.34,48.32,0.11,0,31.74,4.34,48.34,0.11,0,31.82,4.34,48.38,0.11,0,31.77,4.34,48.39,0.11,0,31.82,4.34,49.59,0.11,0,30.63,"S49"
24125037,9,16.59,29.41,19.73,0,10.05,0,25.61,19.73,0,8.33,0,25.74,21.81,0,9.92,0,23.9,21.81,0,9.19,0,23.9,23.66,0,9.44,0,22.06,23.66,0,9.31,0,21.94,23.78,0,10.05,0,21.69,4.55,36.72,0.86,9.25,31.18,4.55,36.37,0.86,9.24,31.66,4.67,35.78,0.85,9.25,32.9,4.67,35.38,0.85,9.26,33.09,4.7,35.27,0.85,9.25,33.27,4.7,33.93,0.85,9.26,32.51,4.73,34.46,0.85,9.25,31.22,"S50"
24422713,9,6.28,54.89,5.61,4.78,1.47,0,48.93,5.61,4.78,1.47,0,48.93,5.61,4.78,1.47,0,48.93,5.61,4.78,1.47,0,48.93,5.61,4.78,1.47,0,48.93,5.61,4.78,1.47,0,48.93,5.61,4.78,1.47,0,48.93,2.52,77.49,0.87,0.13,14.43,2.52,77.22,0.87,0.13,14.73,2.52,76.58,0.87,0.13,14.76,2.52,76.55,0.86,0.13,14.72,2.52,76.42,0.86,0.13,14.98,2.52,76.69,0.87,0.13,14.81,2.53,77.46,0.87,0.13,14.11,"S50P"
24423233,9,18.63,50.45,4.84,5.58,6.39,1.68,30.48,4.84,5.68,6.28,1.68,32.95,4.84,5.51,5.77,1.68,30.49,4.84,5.66,6.37,1.47,30.71,4.84,5.63,6.5,1.47,30.73,4.84,5.63,6.57,1.47,30.72,4.84,5.62,6.24,1.47,30.7,2.95,70.83,1.18,0.02,15.85,2.95,70.73,1.18,0.02,15.53,2.95,70.36,1.17,0.02,15.92,2.95,70.34,1.16,0.02,15.85,2.95,69.81,1.14,0.02,16.17,2.95,69.4,1.15,0.02,16.15,2.95,69.64,1.17,0.02,16.04,"S51"
24423623,9,60.88,59.27,4.37,82.67,1.89,0,11.08,4.37,82.67,1.89,0,11.08,4.37,82.75,1.89,0,10.99,4.37,82.79,1.89,0,10.95,4.37,82.58,1.89,0,11.16,4.37,81.78,1.89,0,11.96,4.37,82.71,1.89,0,11.04,4.08,71.56,2.28,0,21.69,4.08,71.59,2.28,0,21.66,4.08,71.55,2.28,0,21.71,4.08,71.58,2.28,0,21.68,4.08,71.53,2.28,0,21.71,4.08,71.42,2.28,0,21.8,4.08,71.6,2.28,0,21.66,"S52"
24424869,9,62.12,48.48,4.41,77.72,0,0,16.94,4.41,77.88,0,0,16.94,4.41,77.1,0,0,17.71,4.41,77.65,0,0,17.17,4.41,77.34,0,0,17.48,4.41,77.18,0,0,17.48,4.41,77.41,0,0,17.4,2.35,74.06,0.23,0,21.72,2.35,74.14,0.23,0,21.97,2.35,73.93,0.23,0,22.19,2.35,73.97,0.24,0,22.15,2.35,71.84,0.23,0,24.19,2.35,71.48,0.24,0,24.27,2.35,71.55,0.23,0,24.58,"S53"
24423243,9,38.82,53.28,7.8,39.5,0.1,0,36.05,7.8,39.47,0.08,0,35.65,7.8,39.44,0.08,0,36.06,7.8,39.48,0.08,0,36.09,7.8,39.39,0.08,0,36.05,7.8,39.47,0.08,0,36.09,7.8,39.72,0.08,0,35.6,2.61,75.88,1.28,0,12.95,2.61,75.83,1.28,0,13.05,2.61,75.69,1.28,0,13.19,2.61,75.67,1.26,0,13.09,2.61,75.03,1.24,0,13.48,2.61,74.54,1.24,0,13.45,2.61,74.68,1.28,0,13.47,"S54"
24423517,9,16.07,33.02,2.8,1.65,1.54,3.1,34.02,2.8,1.65,1.55,3.1,34.02,2.8,1.65,1.55,3.11,34.02,2.8,1.65,1.54,3.11,34.02,2.8,1.65,1.54,3.11,34.02,2.8,1.65,1.55,3.11,34.02,2.8,1.65,1.54,3.11,34.02,3.21,32.02,0.2,0.17,40.44,3.21,30.96,0.21,0.17,40.43,3.21,30.84,0.2,0.18,41.05,3.21,30.16,0.2,0.18,42.03,3.21,30.24,0.21,0.18,44.81,3.21,30.44,0.21,0.18,44.69,3.21,31.92,0.2,0.18,43.34,"S55"
24423479,9,7.42,24.65,6.01,1.67,0.45,39.9,49.57,6.01,1.68,0.45,40.29,49.17,6.38,1.65,0.45,39.93,49.19,6.38,1.65,0.45,40.06,49.07,6.4,0.33,0.42,40.33,38.16,6.4,1.66,0.45,40.43,37.85,6.39,1.66,0.45,40.67,37.8,4.6,17.65,0.16,17.24,38.77,4.6,17.13,0.16,17.19,37.94,4.62,17.07,0.16,17.21,38.19,4.62,16.74,0.17,17.25,38.62,4.62,16.68,0.16,17.35,36.61,4.62,16.88,0.17,17.38,36.51,4.65,17.6,0.16,17.49,35.74,"S56"
23099864,9,17.07,36.49,20.69,0,67.24,1.53,0,20.69,0,67.43,1.53,0,20.69,0,67.62,1.53,0,20.69,0,67.25,1.53,0,21.26,0,67.05,1.53,0,21.26,0,66.1,1.53,0,21.25,0,67.81,1.53,0,4.19,46.66,0.95,7.34,26.58,4.19,46.35,0.95,7.33,26.86,4.28,45.79,0.95,7.34,27.73,4.28,45.52,0.95,7.35,27.85,4.29,45.37,0.95,7.35,27.97,4.29,44.52,0.95,7.35,27.43,4.32,45.06,0.95,7.36,26.41,"S57"
24425515,9,11.55,53.06,9.36,0,5.73,59.36,21.62,9.36,0,5.96,59.93,21.04,9.39,0,5.66,60,20.98,9.39,0,5.89,59.73,20.98,10.54,0,5.89,58.95,20.91,10.54,0,5.72,58.95,20.91,11.99,0,5.99,57.54,20.88,2.79,73.5,1.06,0.86,15.25,2.79,73.3,1.07,0.85,15.25,2.79,72.76,1.06,0.86,15.39,2.79,72.73,1.05,0.85,15.33,2.78,72.48,1.05,0.86,15.61,2.78,72.53,1.06,0.86,15.49,2.82,73.11,1.07,0.85,14.98,"S58"
24422873,9,68.69,68.04,7.08,79.94,0,0,11.25,7.08,79.34,0,0,12.27,7.08,80.21,0,0,12.05,7.08,80.23,0,0,11.97,7.08,80.66,0,0,9.99,7.08,81.11,0,0,10.69,7.08,82.77,0,0,9.78,1.69,91.78,0.78,0,4.84,1.69,91.99,0.78,0,4.55,1.69,92.04,0.78,0,4.87,1.69,92.07,0.78,0,4.84,1.69,92.24,0.78,0,4.32,1.69,92.54,0.78,0,4.26,1.69,93.12,0.78,0,3.85,"S61"
24423847,9,69,69,3.82,92.57,0,0,3.4,3.82,92.02,0,0,4.01,3.82,91.9,0,0,4.06,3.82,92.09,0,0,4.01,3.82,92.71,0,0,3.4,3.82,92.71,0,0,3.4,3.82,92.79,0,0,3.4,3.82,92.02,0,0,4.01,3.82,92.57,0,0,3.4,3.82,91.9,0,0,4.06,3.82,92.09,0,0,4.01,3.82,92.71,0,0,3.4,3.82,92.71,0,0,3.4,3.82,92.79,0,0,3.4,"S62"
23100404,9,24.75,41.08,9.98,42.27,0.45,0,22.25,9.98,42.27,0.45,0,22.25,9.98,42.27,0.45,0,22.25,9.98,42.27,0.45,0,22.25,9.98,42.27,0.45,0,22.25,9.98,40.81,0.45,0,22.25,9.98,39.9,0.45,0,23.15,4.37,51.08,0.07,0,14.12,4.37,49.85,0.06,0,14.15,4.37,50.05,0.06,0,15.12,4.37,50.03,0.06,0,15.18,4.37,49.3,0.06,0,15.9,4.37,33.97,0.06,0,12.89,4.37,33.96,0.06,0,12.84,"S63"
23100608,9,42.29,47.9,5.67,46.26,0.03,0,15.85,5.67,46.26,0.03,0,15.85,5.67,46.26,0.03,0,15.85,5.67,46.26,0.03,0,15.85,5.67,46.26,0.03,0,15.85,5.67,45.94,0.03,0,15.85,5.67,44.49,0.03,0,17.3,3.77,52.21,0.09,0,10.72,3.77,52.32,0.09,0,10.59,3.77,52.54,0.09,0,10.39,3.77,52.14,0.09,0,10.74,3.77,49.38,0.09,0,13.54,3.77,45.93,0.09,0,13.34,3.77,45.28,0.09,0,13.95,"S63P"
23100200,9,54.07,37.07,0.19,75.15,0,0,20.56,0.19,74.61,0,0,21.1,0.19,75.54,0,0,20.17,0.19,75.54,0,0,20.17,0.19,75.77,0,0,19.94,0.19,75.77,0,0,19.94,0.19,75.77,0,0,19.94,2.87,49.54,0.05,0,26.13,2.87,48.91,0.05,0,26.09,2.87,49.01,0.05,0,26.42,2.87,49.15,0.05,0,26.56,2.87,49.14,0.05,0,26.63,2.87,49.3,0.05,0,26.47,2.87,50.91,0.05,0,24.87,"S64"
24424705,9,43.29,29.04,4.79,57.91,0,0,25.88,4.79,57.91,0,0,25.88,4.79,50,0,0,31.84,4.79,50.2,0,0,31.64,4.79,51.37,0,0,32.42,4.79,48.44,0,0,35.35,4.79,49.32,0,0,34.47,2.47,44.81,0,0,39.24,2.47,44.24,0,0,39.57,2.47,42.69,0,0,41.09,2.47,42.64,0,0,41.13,2.47,42.84,0,0,41.21,2.47,42.44,0,0,41.61,2.47,42.66,0,0,41.39,"S65"
24423741,9,59.99,58.8,0,94.97,0.22,0,4.81,0,94.97,0.22,0,4.81,0,94.97,0.22,0,4.81,0,94.97,0.22,0,4.81,0,94.97,0.22,0,4.81,0,94.97,0.22,0,4.81,0,94.97,0.22,0,4.81,1.72,78.6,0.14,0,17.78,1.72,77.78,0.14,0,18.11,1.72,77.64,0.14,0,18.13,1.72,77.54,0.13,0,19.06,1.72,77.44,0.14,0,20.16,1.72,77.43,0.14,0,20.28,1.72,78.3,0.14,0,19.49,"S66"
23099678,9,6.19,28.24,9.85,0,2.74,67.4,8.23,9.85,0,2.65,67.21,8.44,9.92,0,2.74,67.32,8.23,9.92,0,2.71,67.37,8.27,10.03,0,2.78,67.16,8.27,10.03,0,2.86,67.08,8.26,10.15,0,2.85,67.21,8.23,4.76,34.19,1.47,13.55,23.49,4.76,33.88,1.45,13.56,23.39,4.85,33.49,1.45,13.56,24.2,4.85,33.2,1.45,13.57,24.33,4.87,32.97,1.45,13.58,24.37,4.87,32.22,1.45,13.59,24.09,4.91,32.75,1.46,13.63,23.1,"T02"
23099844,9,16.31,34.41,17.76,0,13.12,0,44.81,17.76,0,13.94,0,44.81,18.03,0,13.11,0,44.81,18.03,0,12.02,0,44.81,18.03,0,12.3,0,44.81,18.03,0,11.75,0,44.81,18.03,0,13.11,0,44.81,4.86,43.53,0.93,8.54,26.31,4.86,43.24,0.93,8.51,26.58,4.97,42.72,0.93,8.52,27.37,4.97,42.46,0.93,8.53,27.47,4.99,42.32,0.92,8.52,27.51,4.99,41.53,0.92,8.52,27.01,5.03,42.04,0.93,8.55,25.97,"T03"
24425579,9,13.09,53.24,19.15,0,6.01,24.18,20.44,19.15,0,6.07,24.03,20.59,19.17,0,5.98,24.23,20.37,19.17,0,6.13,24.35,20.25,19.2,0,6.16,24.44,20.12,19.2,0,6.13,24.44,20.13,19.48,0,6.07,24.58,19.72,2.73,74.22,1.01,0.35,15.2,2.73,74.01,1.01,0.35,15.2,2.73,73.46,1.01,0.35,15.35,2.73,73.44,1,0.35,15.29,2.73,73.18,1,0.35,15.57,2.73,73.23,1,0.35,15.45,2.73,73.82,1.02,0.36,14.94,"T05"
24422823,9,46.13,63.75,6.52,82.26,0.66,0,8.43,6.52,82.18,0.66,0,8.5,6.52,81.6,0.66,0,9.68,6.52,82.33,0.66,0,8.87,6.52,82.33,0.73,0,8.87,6.52,82.92,0.66,0,8.28,6.52,82.92,0.66,0,8.14,2.19,84.09,0.71,0,9.91,2.19,84.01,0.7,0,10.83,2.19,83.7,0.7,0,11.78,2.19,84.06,0.71,0,11.56,2.19,84.21,0.71,0,11.41,2.19,85.98,0.71,0,9.95,2.19,87.79,0.71,0,8.11,"T05P"
24422913,9,57.48,62.83,3.01,87.24,0.05,0,9.11,3.01,87.38,0.05,0,9.36,3.01,85.87,0.05,0,10.88,3.01,87.3,0.05,0,9.44,3.01,87.47,0.05,0,9.28,3.01,88.06,0.05,0,8.19,3.01,88.95,0.05,0,7.56,0.81,82.6,1.36,0.21,10.84,0.81,82.53,1.36,0.21,10.86,0.81,81.58,1.36,0.21,11.87,0.81,82.12,1.36,0.21,11.01,0.81,82.14,1.36,0.21,11.31,0.81,82.18,1.36,0.21,11.11,0.81,82.49,1.36,0.21,10.81,"T06"
23107212,9,0,0.01,20.43,0,0,5.41,24.42,20.43,0,0,5.41,24.47,20.43,0,0,5.41,24.42,20.43,0,0,5.41,23.26,20.43,0,0,5.41,23.26,20.43,0,0,5.41,23.26,20.43,0,0,5.41,23.23,5.76,0.01,0,56.81,17.05,5.76,0.01,0,57.65,15.43,5.76,0.01,0,57.76,15.36,5.76,0.01,0,57.94,15.98,5.77,0.01,0,58.17,15.78,5.77,0.01,0,58.39,15.56,5.97,0.01,0,59.36,13.35,"T07"
24425579,9,13.09,53.24,19.15,0,6.01,24.18,20.44,19.15,0,6.07,24.03,20.59,19.17,0,5.98,24.23,20.37,19.17,0,6.13,24.35,20.25,19.2,0,6.16,24.44,20.12,19.2,0,6.13,24.44,20.13,19.48,0,6.07,24.58,19.72,2.73,74.22,1.01,0.35,15.2,2.73,74.01,1.01,0.35,15.2,2.73,73.46,1.01,0.35,15.35,2.73,73.44,1,0.35,15.29,2.73,73.18,1,0.35,15.57,2.73,73.23,1,0.35,15.45,2.73,73.82,1.02,0.36,14.94,"T41"
24425579,9,13.09,53.24,19.15,0,6.01,24.18,20.44,19.15,0,6.07,24.03,20.59,19.17,0,5.98,24.23,20.37,19.17,0,6.13,24.35,20.25,19.2,0,6.16,24.44,20.12,19.2,0,6.13,24.44,20.13,19.48,0,6.07,24.58,19.72,2.73,74.22,1.01,0.35,15.2,2.73,74.01,1.01,0.35,15.2,2.73,73.46,1.01,0.35,15.35,2.73,73.44,1,0.35,15.29,2.73,73.18,1,0.35,15.57,2.73,73.23,1,0.35,15.45,2.73,73.82,1.02,0.36,14.94,"T42"
24125883,9,61.09,47.59,4.04,89.09,0,0,5.71,4.04,88.98,0,0,5.87,4.04,88.5,0,0,5.67,4.04,84.74,0,0,6.42,4.04,85.63,0,0,7.99,4.04,87.67,0,0,7.05,4.04,90.36,0,0,4.55,1.47,69.07,1.02,0,11.85,1.47,69.11,1.02,0,11.85,1.47,68.94,1.02,0,11.95,1.47,67.93,1.02,0,12,1.47,67.96,1.02,0,12.82,1.47,68.85,1.02,0,11.95,1.47,69.18,1.02,0,11.74,"S13R"
24125999,9,56.97,51.35,4.61,60,32.31,0,1.92,4.61,60.38,32.3,0,1.92,4.61,60.38,31.92,0,1.92,4.61,59.62,32.3,0,1.92,4.61,60,32.31,0,1.92,4.61,60.38,32.31,0,1.92,4.61,60.38,32.31,0,1.92,2.88,68.55,2.51,0,12.33,2.88,68.56,2.52,0,12.76,2.88,68.54,2.52,0,12.77,2.88,68.46,2.5,0,12.57,2.88,67.84,2.51,0,12.38,2.88,68.87,2.52,0,12.44,2.88,69.54,2.51,0,11.52,"S17R"
24125873,9,31.58,49.17,15.4,65.19,7.38,0,1.69,15.4,65.82,7.6,0,1.69,15.4,66.67,7.17,0,1.69,15.4,66.24,7.17,0,1.69,15.4,66.24,7.8,0,1.69,15.4,66.24,8.01,0,1.69,15.4,66.46,7.59,0,1.69,1.04,70.28,0.97,0,10.46,1.04,70.3,0.97,0,10.53,1.04,69.57,0.97,0,10.57,1.04,68.56,0.97,0,10.57,1.04,68.59,0.97,0,11.25,1.04,69.38,0.97,0,10.68,1.04,69.95,0.97,0,10.86,"S18R"
24125729,9,47.08,53.83,5.51,27.57,0.99,0,61.11,5.51,27.85,0.99,0,53.65,5.51,25.84,0.99,0,66.37,5.51,26.33,0.99,0,65.28,5.51,25.9,0.99,0,66.68,5.51,26.79,0.99,0,65.78,5.51,27.94,0.99,0,64.67,2.67,71.44,0.62,0,20.5,2.67,69.21,0.61,0,22.3,2.67,67.23,0.62,0,24.76,2.67,65.91,0.61,0,25.91,2.67,65.23,0.62,0,27.23,2.67,65.04,0.61,0,28.59,2.67,68.44,0.61,0,25.98,"S19"
24125633,9,32.26,49.06,11.07,26.45,5.1,0.34,50.66,11.07,26.16,5.1,0.34,49.45,11.07,25.53,5.1,0.34,51.58,11.07,25.13,5.1,0.34,51.52,11.07,25.53,5.1,0.34,51.92,11.07,25.59,5.16,0.34,51.64,11.07,26.79,5.16,0.34,50.66,2.23,69.89,0.27,0,18.32,2.23,68.47,0.28,0,19.89,2.23,66.02,0.27,0,22.4,2.23,64.77,0.27,0,22.71,2.23,64.38,0.27,0,23.78,2.23,65.27,0.28,0,24.19,2.23,67.91,0.27,0,21.88,"S19E"
24125811,9,50.16,48.42,9.71,40.82,7.73,0.82,35.87,9.71,42.67,7.73,1.13,34.18,22.06,39.04,7.71,0.85,27.18,22.06,38.83,7.68,0.67,28.24,22.45,39.38,7.68,1.05,26.73,22.45,39.83,7.68,0.65,26.28,22.44,40.06,7.74,0.48,26.5,2.89,66.66,1.49,0.03,13.49,2.89,66.37,1.49,0.02,14.26,3.38,65.49,1.49,0.02,14.43,3.38,64.88,1.49,0.02,14.51,3.39,65.05,1.48,0.03,14.52,3.39,65.99,1.48,0.03,14.01,3.4,67.12,1.48,0.02,13.32,"S20R"
24126061,9,51.51,55.19,31.3,48.42,0.72,5.01,11.27,31.3,47.94,0.78,5.01,11.27,31.3,48.3,0.72,5.01,11.21,31.3,47.94,0.72,5.01,11.33,31.3,48.24,0.72,5.01,11.03,31.3,48.24,0.72,5.01,11.03,31.3,48.72,0.72,5.01,10.55,5.99,67.8,2.03,1.02,15.79,5.99,67.81,2.03,1.01,16.32,6,67.58,2.02,1,16.59,6,67.76,2.01,1,16.21,6.01,68.72,1.98,0.99,15.07,6.01,69.93,1.95,1,13.99,6.01,71.25,1.99,0.99,12.83,"S21R"
24125859,9,36.38,49.83,12.22,66.17,1.93,0,16.64,12.22,66.23,1.99,0,16.8,12.22,66.23,2.1,0,16.8,12.22,66.17,2.04,0,16.75,12.22,66.12,2.04,0,16.75,12.22,66.12,2.1,0,16.8,12.22,65.95,2.05,0,16.75,1.8,70.44,1.26,0,11.04,1.8,70.47,1.25,0,11.29,1.8,69.98,1.26,0,11.29,1.8,69.21,1.26,0,11.24,1.8,69.14,1.26,0,11.66,1.8,70.09,1.26,0,11.12,1.8,70.79,1.26,0,10.87,"S24R"
24125699,9,45.31,45.41,6.96,43.84,1.03,0,45.08,6.96,45.26,1.03,0,42.9,6.96,41.42,1.03,0,49.89,6.96,42.2,1.03,0,48.92,6.96,41.92,1.03,0,49.4,6.96,42.93,1.03,0,48.15,6.96,47.01,1.03,0,44.36,1.07,70.6,0.24,0,19.09,1.07,70.44,0.24,0,19.42,1.07,69.51,0.24,0,20.56,1.07,66.78,0.24,0,20.27,1.07,65.92,0.24,0,22.71,1.07,67.62,0.24,0,22.42,1.07,69.98,0.24,0,20.07,"S25"
24125769,9,51.3,50.82,2.66,34.05,5.19,11.14,31.52,2.66,33.04,5.19,11.65,32.15,2.66,32.91,5.19,11.65,30.13,2.66,32.91,5.57,11.65,31.9,2.66,33.04,5.19,11.65,32.15,2.66,33.04,5.19,11.65,32.15,4.31,33.93,5.19,11.14,30.13,5.58,64.79,1.93,1.51,15.65,5.58,64.59,1.92,1.5,16.53,5.99,63.95,1.92,1.5,16.75,5.99,63.75,1.91,1.49,16.7,6,64.25,1.89,1.49,16.13,6,65.33,1.88,1.49,15.34,6.05,66.57,1.9,1.47,14.35,"S26R"
24126823,9,59.04,61.48,4.66,83.08,1.55,0,8.51,4.66,83.25,1.56,0,7.61,4.66,83.15,1.55,0,8.54,4.66,82.81,1.55,0,8.6,4.66,83.09,1.55,0,8.35,4.66,83.2,1.55,0,8.28,4.66,85.12,1.55,0,6.66,3.28,84.61,1.1,0,7.71,3.28,84.48,1.1,0,8.35,3.28,84.53,1.1,0,8.37,3.28,84.29,1.1,0,8.41,3.28,84.49,1.1,0,8.23,3.28,84.57,1.1,0,8.18,3.28,85.91,1.1,0,7.05,"S27R"
24131037,9,7,50.12,12.63,0,0,0,27.37,12.63,0,0,0,27.37,12.63,0,0,0,27.37,12.63,0,0,0,27.37,12.63,0,0,0,27.37,12.63,0,0,0,16.84,12.63,0,0,0,16.84,5.45,70.44,0.47,0.31,15.28,5.45,70.43,0.48,0.31,15.36,5.45,70.3,0.47,0.31,15.65,5.45,69.46,0.47,0.31,15.8,5.45,67.9,0.47,0.3,17,5.45,60.9,0.47,0.3,14.93,5.45,61.54,0.47,0.3,14.84,"S28R"
24131041,9,16,49.34,12.07,8.62,0,0,46.55,12.07,8.62,0,0,46.55,12.07,8.62,0,0,46.55,12.07,8.62,0,0,46.55,12.07,8.62,0,0,46.55,12.07,5.17,0,0,29.31,12.07,5.17,0,0,27.59,4.91,64.17,1.52,1.73,17.67,4.91,63.49,1.52,1.7,18.97,5.2,62.37,1.51,1.7,19.9,5.2,61.79,1.51,1.7,20.14,5.22,61.92,1.5,1.69,20.19,5.22,62.86,1.49,1.69,19.6,5.25,64.68,1.5,1.69,18.06,"S28RE"
24126251,9,6.87,54.78,6.81,23.01,0.15,8.72,22.46,6.81,23.01,0.15,8.72,22.61,6.83,21.4,0.15,8.67,24.24,6.83,20.25,0.15,8.72,24.53,6.83,19.56,0.15,8.72,26.04,6.83,19.71,0.15,8.72,25.9,6.83,20.75,0.15,8.71,24.85,5.48,65.54,0.43,1.23,19.08,5.48,65.01,0.43,1.23,19.51,5.48,63.96,0.43,1.23,20.44,5.48,63.29,0.43,1.23,21.7,5.48,63.07,0.43,1.23,22.12,5.48,63.25,0.43,1.23,22.69,5.48,63.64,0.43,1.24,22.09,"S29R"
23100398,9,10.24,36.74,2.57,1.18,1.26,0,4.67,2.57,1.2,1.26,0,4.67,2.57,1.2,1.26,0,4.67,2.57,1.2,1.26,0,4.67,2.57,0,1.26,0,4.67,2.57,1.2,1.26,0,5.31,2.57,1.2,1.26,0,5.31,3.83,44.06,0.16,0,14.14,3.83,43.19,0.17,0,14.14,3.83,43.36,0.17,0,14.81,3.83,43.3,0.17,0,14.9,3.83,42.42,0.17,0,15.77,3.83,31.02,0.16,0,13.59,3.83,30.93,0.16,0,13.63,"S30R"
24423233,9,18.63,50.45,4.84,5.58,6.39,1.68,30.48,4.84,5.68,6.28,1.68,32.95,4.84,5.51,5.77,1.68,30.49,4.84,5.66,6.37,1.47,30.71,4.84,5.63,6.5,1.47,30.73,4.84,5.63,6.57,1.47,30.72,4.84,5.62,6.24,1.47,30.7,2.95,70.83,1.18,0.02,15.85,2.95,70.73,1.18,0.02,15.53,2.95,70.36,1.17,0.02,15.92,2.95,70.34,1.16,0.02,15.85,2.95,69.81,1.14,0.02,16.17,2.95,69.4,1.15,0.02,16.15,2.95,69.64,1.17,0.02,16.04,"S49R"
24125193,9,7.66,37.33,2.74,0.26,2.02,2.65,59.4,2.74,0.25,2.03,2.7,59.36,2.74,0.27,2,2.88,59.14,2.74,0.27,2,2.89,59.13,2.74,0.25,1.98,2.9,59.15,2.74,0.25,2.04,2.93,59.13,2.74,0.26,2.02,2.93,59.12,5.31,46.61,1.05,10.81,23.83,5.31,46.15,1.05,10.81,24.53,5.47,45.4,1.04,10.77,25.23,5.47,44.89,1.05,10.76,25.47,5.48,44.78,1.04,10.76,25.7,5.48,43.04,1.04,10.77,24.66,5.51,43.72,1.05,10.75,23.52,"S67"
24126401,9,3.47,4.3,0,0,6.02,0,73.49,0,0,6.02,0,73.49,0,0,6.02,0,73.49,0,0,6.02,0,73.49,0,0,6.02,0,73.49,0,0,6.02,0,73.49,0,0,6.02,0,73.49,0.6,7.7,0.16,0.02,63.74,0.6,7.67,0.16,0.02,63.74,0.6,7.42,0.16,0.02,64.01,0.6,7.41,0.16,0.02,64.02,0.6,7.44,0.16,0.02,64,0.6,7.41,0.15,0.02,64.02,0.6,7.48,0.16,0.02,63.96,"S68"
24126327,9,27.75,42.21,0,47.33,2.43,0.7,38.72,0,47.45,2.43,0.7,38.72,0,47.26,2.43,0.7,38.91,0,47.37,2.43,0.7,38.8,0,47.25,2.43,0.7,38.92,0,47.25,2.43,0.7,38.92,0,46.4,2.43,0.7,39.78,5.23,59.21,0.5,0.04,27.64,5.23,58.98,0.5,0.04,27.9,5.23,58.54,0.51,0.04,28.29,5.23,58.51,0.51,0.04,28.33,5.23,58.29,0.5,0.04,28.56,5.23,56.2,0.51,0.04,28.92,5.23,56.36,0.51,0.04,28.84,"S71"
24126315,9,16.09,40.54,11.35,0.91,4.35,83.21,0,11.35,0.91,4.35,83.27,0,11.35,0.91,4.35,83.21,0,11.35,0.91,4.35,83.21,0,11.35,0.91,4.35,83.15,0,11.35,0.91,4.35,83.15,0,11.35,0.91,4.35,83.15,0,5.31,57.91,0.53,1.56,27.29,5.31,57.69,0.52,1.57,27.55,5.32,57.26,0.53,1.56,27.93,5.32,57.22,0.53,1.57,27.97,5.32,57,0.53,1.56,28.19,5.32,54.97,0.53,1.56,28.55,5.32,55.13,0.53,1.56,28.46,"S72"
24125421,9,37.43,44.77,9.17,1.41,5.72,80.69,0.07,9.17,1.36,5.5,80.9,0.07,9.17,1.38,5.4,80.91,0.07,9.17,1.39,5.5,80.77,0.07,9.17,1.42,5.56,80.45,0.52,9.17,1.39,5.71,80.82,0.07,9.17,1.41,5.67,80.9,0.07,5.14,57.34,1.24,5.27,18.68,5.14,56.85,1.24,5.26,19.58,5.33,55.96,1.23,5.25,20.34,5.33,55.45,1.23,5.25,20.59,5.34,55.31,1.23,5.24,20.85,5.34,55.17,1.22,5.24,19.73,5.36,56.47,1.23,5.23,18.59,"S73"
24131135,9,18.53,40.59,17.87,0.43,0,80.85,0,17.87,0.43,0,80.85,0,17.87,0.43,0,80.85,0,17.87,0.43,0,80.85,0,17.87,0.43,0,80.85,0,17.87,0.43,0,80.85,0,17.87,0.43,0,80.85,0,4.8,58.83,0.85,2.45,22.12,4.8,58.29,0.85,2.44,22.68,4.8,57.06,0.85,2.45,24.2,4.8,56.17,0.86,2.45,24.4,4.8,55.98,0.85,2.44,24.89,4.8,26.89,0.85,2.45,20.26,4.8,21.01,0.85,2.44,16.68,"S75"
24423479,9,7.42,24.65,6.01,1.67,0.45,39.9,49.57,6.01,1.68,0.45,40.29,49.17,6.38,1.65,0.45,39.93,49.19,6.38,1.65,0.45,40.06,49.07,6.4,0.33,0.42,40.33,38.16,6.4,1.66,0.45,40.43,37.85,6.39,1.66,0.45,40.67,37.8,4.6,17.65,0.16,17.24,38.77,4.6,17.13,0.16,17.19,37.94,4.62,17.07,0.16,17.21,38.19,4.62,16.74,0.17,17.25,38.62,4.62,16.68,0.16,17.35,36.61,4.62,16.88,0.17,17.38,36.51,4.65,17.6,0.16,17.49,35.74,"S77"
24125115,9,9.17,32.82,3.3,0.8,2.96,0,41.7,3.3,0.8,2.99,0,41.68,3.3,0.8,2.95,0,47.4,3.3,0.8,3.06,0,47.38,3.3,0.13,3.03,0,47.4,3.3,0.8,3,0,47.4,3.3,0.85,3.01,0,46.67,4.81,41.43,0.94,9.61,28.28,4.81,41.04,0.95,9.59,28.9,4.96,40.37,0.95,9.57,29.77,4.96,39.93,0.95,9.57,29.98,4.98,39.82,0.93,9.56,30.19,4.98,38.29,0.93,9.57,29.27,5.01,38.88,0.95,9.55,28.16,"S79"
23099884,9,11.95,29.63,15.58,0,6.28,23.58,41.87,15.58,0,6.28,23.59,41.64,16.29,0,6.28,23.87,40.89,16.29,0,6.28,23.82,40.94,16.29,0,6.28,23.79,40.97,16.29,0,6.26,23.63,41.13,16.94,0,6.26,23.41,40.69,6,32.67,1.1,14.53,35.79,6,31.61,1.1,14.52,35.53,6.02,31.09,1.11,14.67,35.86,6.02,30.24,1.11,14.63,36.35,6.1,29.55,1.1,14.6,37.06,6.1,29.6,1.1,14.64,37.72,6.22,30.97,1.1,14.56,36.65,"S82"
24126203,9,39.62,63.05,3.92,74.4,13.58,0,6.82,3.92,75.44,13.58,0.07,4.84,3.92,74.71,13.58,0,7.24,3.92,75.95,13.58,0,5.76,3.92,75.97,13.58,0,5.17,3.92,78.23,13.58,0,3.73,3.92,78.62,13.58,0,3.31,6.33,74.34,0.84,0,17.48,6.33,74.72,0.84,0,17.19,6.33,74.61,0.83,0,17.17,6.33,74.53,0.83,0,16.8,6.33,74.66,0.83,0,15.97,6.33,75.63,0.83,0,15.01,6.33,76.67,0.83,0,14.15,"S83"
24126509,9,11.92,29.3,0,20.17,2.31,5.34,51.85,0,20.35,2.31,5.34,51.67,0,20.17,2.31,5.34,51.85,0,20.08,2.31,5.34,51.94,0,20.08,2.31,5.34,51.94,0,20.08,2.31,5.34,51.94,0,20.08,2.31,5.34,51.94,2.62,39.59,0.42,0.28,39.53,2.62,39.09,0.41,0.28,39.86,2.62,38.17,0.41,0.28,41.19,2.62,37.74,0.41,0.28,41.5,2.62,37.1,0.41,0.28,42.05,2.62,35.57,0.41,0.28,42.41,2.62,36.24,0.41,0.28,43.27,"W10 "
24126487,9,17.99,26.67,0,3.04,24.78,21.74,18.26,0,3.04,24.78,21.74,18.26,0,3.04,24.78,21.74,18.26,0,3.04,24.78,21.74,18.26,0,3.04,24.78,21.74,18.26,0,3.04,24.78,21.74,18.26,0,3.04,24.78,21.74,18.26,1.7,34.38,0.44,0.63,41.34,1.7,34.08,0.44,0.63,41.53,1.7,33.46,0.44,0.63,42.41,1.7,33.19,0.44,0.63,42.61,1.7,32.78,0.43,0.63,42.96,1.7,31.79,0.44,0.63,43.2,1.7,32.24,0.44,0.63,43.73,"W20 "
24126441,9,0.57,8.66,0,5.26,0,0,89.47,0,5.26,0,0,89.47,0,5.26,0,0,89.47,0,5.26,0,0,89.47,0,5.26,0,0,89.47,0,5.26,0,0,89.47,0,5.26,0,0,89.47,0,22.16,0,0,41.31,0,22.05,0,0,41.31,0,20.93,0,0,42.5,0,20.84,0,0,42.57,0,20.99,0,0,42.47,0,20.89,0,0,42.58,0,21.21,0,0,42.25,"U10 "
24126427,9,21.7,5.53,1.54,5.92,0.12,0,64.58,1.54,5.92,0.12,0,64.58,1.54,5.92,0.12,0,64.58,1.54,5.92,0.12,0,64.58,1.54,5.92,0.12,0,64.58,1.54,5.92,0.12,0,64.58,1.54,5.92,0.12,0,64.58,0.1,12.86,0.01,0,47.01,0.1,12.81,0.01,0,47.01,0.1,12.32,0.01,0,47.54,0.1,12.28,0.01,0,47.57,0.1,12.34,0.01,0,47.53,0.1,12.3,0.01,0,47.58,0.1,12.44,0.01,0,47.43,"U20 "
24126399,9,6.49,4.3,2.6,0.16,2.61,0,58.92,2.6,0.16,2.57,0,58.92,2.6,0.15,2.56,0,58.9,2.6,0.15,2.61,0,58.88,2.6,0.15,2.55,0,58.88,2.6,0.15,2.57,0,58.88,2.6,0.15,2.57,0,58.88,0.6,7.7,0.16,0.02,63.74,0.6,7.67,0.16,0.02,63.74,0.6,7.42,0.16,0.02,64.01,0.6,7.41,0.16,0.02,64.02,0.6,7.44,0.16,0.02,64,0.6,7.41,0.15,0.02,64.02,0.6,7.48,0.16,0.02,63.96,"U21 "
24423347,9,66.77,63.06,2.18,85.65,2.48,0,7.48,2.18,85.65,2.47,0,7.41,2.18,85.65,2.48,0,7.42,2.18,85.65,2.47,0,7.41,2.18,85.65,2.48,0,7.4,2.18,85.65,2.47,0,7.41,2.18,85.65,2.47,0,7.41,1.59,88.26,1.92,0,5.35,1.59,88.27,1.92,0,5.36,1.59,88.27,1.92,0,5.34,1.59,88.21,1.92,0,5.34,1.59,88.21,1.92,0,5.35,1.59,88.22,1.92,0,5.38,1.59,88.23,1.92,0,5.38,"C11 "
24423347,9,66.77,63.06,2.18,85.65,2.48,0,7.48,2.18,85.65,2.47,0,7.41,2.18,85.65,2.48,0,7.42,2.18,85.65,2.47,0,7.41,2.18,85.65,2.48,0,7.4,2.18,85.65,2.47,0,7.41,2.18,85.65,2.47,0,7.41,1.59,88.26,1.92,0,5.35,1.59,88.27,1.92,0,5.36,1.59,88.27,1.92,0,5.34,1.59,88.21,1.92,0,5.34,1.59,88.21,1.92,0,5.35,1.59,88.22,1.92,0,5.38,1.59,88.23,1.92,0,5.38,"C10 "
24423347,9,66.77,63.06,2.18,85.65,2.48,0,7.48,2.18,85.65,2.47,0,7.41,2.18,85.65,2.48,0,7.42,2.18,85.65,2.47,0,7.41,2.18,85.65,2.48,0,7.4,2.18,85.65,2.47,0,7.41,2.18,85.65,2.47,0,7.41,1.59,88.26,1.92,0,5.35,1.59,88.27,1.92,0,5.36,1.59,88.27,1.92,0,5.34,1.59,88.21,1.92,0,5.34,1.59,88.21,1.92,0,5.35,1.59,88.22,1.92,0,5.38,1.59,88.23,1.92,0,5.38,"C21 "
24423347,9,66.77,63.06,2.18,85.65,2.48,0,7.48,2.18,85.65,2.47,0,7.41,2.18,85.65,2.48,0,7.42,2.18,85.65,2.47,0,7.41,2.18,85.65,2.48,0,7.4,2.18,85.65,2.47,0,7.41,2.18,85.65,2.47,0,7.41,1.59,88.26,1.92,0,5.35,1.59,88.27,1.92,0,5.36,1.59,88.27,1.92,0,5.34,1.59,88.21,1.92,0,5.34,1.59,88.21,1.92,0,5.35,1.59,88.22,1.92,0,5.38,1.59,88.23,1.92,0,5.38,"Ct20 "
24423347,9,66.77,63.06,2.18,85.65,2.48,0,7.48,2.18,85.65,2.47,0,7.41,2.18,85.65,2.48,0,7.42,2.18,85.65,2.47,0,7.41,2.18,85.65,2.48,0,7.4,2.18,85.65,2.47,0,7.41,2.18,85.65,2.47,0,7.41,1.59,88.26,1.92,0,5.35,1.59,88.27,1.92,0,5.36,1.59,88.27,1.92,0,5.34,1.59,88.21,1.92,0,5.34,1.59,88.21,1.92,0,5.35,1.59,88.22,1.92,0,5.38,1.59,88.23,1.92,0,5.38,"Ct21 "
24423347,9,66.77,63.06,2.18,85.65,2.48,0,7.48,2.18,85.65,2.47,0,7.41,2.18,85.65,2.48,0,7.42,2.18,85.65,2.47,0,7.41,2.18,85.65,2.48,0,7.4,2.18,85.65,2.47,0,7.41,2.18,85.65,2.47,0,7.41,1.59,88.26,1.92,0,5.35,1.59,88.27,1.92,0,5.36,1.59,88.27,1.92,0,5.34,1.59,88.21,1.92,0,5.34,1.59,88.21,1.92,0,5.35,1.59,88.22,1.92,0,5.38,1.59,88.23,1.92,0,5.38,"C20 "
24423879,9,68.92,68.92,0.05,91.76,0.14,0,8,0.05,91.76,0.14,0,7.68,0.05,91.55,0.14,0,8.24,0.05,91.84,0.14,0,7.95,0.05,91.6,0.14,0,7.9,0.05,91.6,0.14,0,7.95,0.05,93.56,0.14,0,6.22,0.05,91.76,0.14,0,7.68,0.05,91.76,0.14,0,8,0.05,91.55,0.14,0,8.24,0.05,91.84,0.14,0,7.95,0.05,91.6,0.14,0,7.9,0.05,91.6,0.14,0,7.95,0.05,93.56,0.14,0,6.22,"J21"
24125193,9,7.66,37.33,2.74,0.26,2.02,2.65,59.4,2.74,0.25,2.03,2.7,59.36,2.74,0.27,2,2.88,59.14,2.74,0.27,2,2.89,59.13,2.74,0.25,1.98,2.9,59.15,2.74,0.25,2.04,2.93,59.13,2.74,0.26,2.02,2.93,59.12,5.31,46.61,1.05,10.81,23.83,5.31,46.15,1.05,10.81,24.53,5.47,45.4,1.04,10.77,25.23,5.47,44.89,1.05,10.76,25.47,5.48,44.78,1.04,10.76,25.7,5.48,43.04,1.04,10.77,24.66,5.51,43.72,1.05,10.75,23.52,"U23"
24126441,9,0.57,8.66,0,5.26,0,0,89.47,0,5.26,0,0,89.47,0,5.26,0,0,89.47,0,5.26,0,0,89.47,0,5.26,0,0,89.47,0,5.26,0,0,89.47,0,5.26,0,0,89.47,0,22.16,0,0,41.31,0,22.05,0,0,41.31,0,20.93,0,0,42.5,0,20.84,0,0,42.57,0,20.99,0,0,42.47,0,20.89,0,0,42.58,0,21.21,0,0,42.25,"U22"
